,id,text,url,date,lang
0,1478015190763511813,per favor @Ryanair_ES no em podeu posar els bitllets d'avi√≥ a Santiago de Compostela per nom√©s 16 euros (anar i tornar desde Barcelona) perqu√® em conec,https://twitter.com/alvibe14/status/1478015190763511813,2022-01-03 14:47:36+00:00,ca
1,1478013588770021381,A great opportunity for a postdoc focused on cellular senescence. My favorite combo: Outstanding research &amp; food in Santiago de Compostela. https://t.co/mOnEGj5i7l,https://twitter.com/Acebron/status/1478013588770021381,2022-01-03 14:41:14+00:00,en
2,1478010761121189892,"üì£ Tedes novas ideas e proxectos para este 2022? Sabiades que o Centro Xove cede espazos para que a mocidade poida realizar actividades nelas?

Esp√©ranvos no #centroxove! üôå

#mocidade #centroxove #cesionespazosCX #compostela #santiagodecompostela https://t.co/NkF331Zp8h",https://twitter.com/Mocidade_Compos/status/1478010761121189892,2022-01-03 14:30:00+00:00,es
3,1478010337941245955,No estaria malament Santiago de compostela com a capital de la France... Ara que... No s√© com s'ho prendran. https://t.co/Wg8KxAZezC,https://twitter.com/noldorblue/status/1478010337941245955,2022-01-03 14:28:19+00:00,ca
4,1478009392079511566,@Locati0ns El centro de Francia es Santiago de Compostela.,https://twitter.com/IsmaelWhis/status/1478009392079511566,2022-01-03 14:24:33+00:00,es
5,1478003267938435076,"Cabalgata de Reyes en Santiago de Compostela - Previsi√≥n del tiempo ya disponible en #meteofiestas 
https://t.co/Z0CkRJllUp",https://twitter.com/MeteoFiestas/status/1478003267938435076,2022-01-03 14:00:13+00:00,es
6,1477996049574899713,"@Camachocosaurio Es esto o cruzarme media peninsula hacia santiago de compostela
Hay que adaptarse a los nuevos tiempos",https://twitter.com/SandraGG76/status/1477996049574899713,2022-01-03 13:31:32+00:00,es
7,1477995969375621125,"@MrsLalupa Y qu√© opinas de esto? Est√° empapelado Santiago de Compostela de ellas, no se si en otros lugares. https://t.co/jIjoFBp4el",https://twitter.com/Tospiro1/status/1477995969375621125,2022-01-03 13:31:13+00:00,es
8,1477994582998720521,Xacobeo: Why 2022 is an extra special time to visit Spain‚Äôs Santiago de¬†Compostela https://t.co/G6gFKxogQD,https://twitter.com/jobpings/status/1477994582998720521,2022-01-03 13:25:43+00:00,en
9,1477991383260672003,"ENCARGADO/A NEGOCIO HOSTALER√çA
Santiago de Compostela
B√∫scase encargado/a con experiencia para pr√≥xima apertura de co√±ecida cadea de restauraci√≥n no centro de Santiago de Compostela. Experiencia m√≠nima de 2 anos.
M√°is inf.: üëâ https://t.co/0lfVeE0C3h https://t.co/cXQp4ze6Bz",https://twitter.com/EmpregoSantiago/status/1477991383260672003,2022-01-03 13:13:00+00:00,es
10,1477990442654445571,"REPARTIDORES CON MOTO
Santiago de Compostela
Alta en R√©xime Xeral Seguridade Social - Contrato laboral ata 30 horas semanais - Plus e incentivos por veh√≠culo propio.
M√°is inf.: üëâ https://t.co/QpIPuWSav1 https://t.co/G9ox7RCBL8",https://twitter.com/EmpregoSantiago/status/1477990442654445571,2022-01-03 13:09:15+00:00,es
11,1477989850716553217,"SUPERVISOR/A PARA FOOD DELIVERY
Santiago de Compostela
Moto propia ou posibilidade de manexar motos ata 125cc - Bo manexo ofim√°tica - Salario basee m√°is pluses e incentivos.
M√°is inf.: üëâ https://t.co/vkdcQQCNwl https://t.co/iUBZ6caBKY",https://twitter.com/EmpregoSantiago/status/1477989850716553217,2022-01-03 13:06:54+00:00,es
12,1477989045380730884,"REPARTIDOR/A EN MOTO
Santiago de Compostela
Burger King busca Repartidores en Moto de empresa para os seus restaurantes en Santiago. Necesario Carn√© AM, A1 ou  B e experiencia no manexo de motos.
M√°is inf.: üëâ https://t.co/KRiqNtd63J https://t.co/ShdueGe55U",https://twitter.com/EmpregoSantiago/status/1477989045380730884,2022-01-03 13:03:42+00:00,es
13,1477988553699299332,"AXUDANTE DE CAMAREIRO
Santiago de Compostela
Empresa selecciona Axudante Sushiman con experiencia - Horario de 13.00 a 18.00 hs. de luns a s√°bado.
M√°is inf.: üëâ https://t.co/Adv5hPFG6B https://t.co/fe6uD0cyEb",https://twitter.com/EmpregoSantiago/status/1477988553699299332,2022-01-03 13:01:45+00:00,es
14,1477988076832145413,"TITULADO/A SUPERIOR EN F√çSICA
Santiago de Compostela
Tragsatec precisa incorporar a un/a Titulado/a Superior en F√≠sica para prestar apoio a un novo encargo relacionado co medio ambiente. Requ√≠rese un ano de experiencia.
M√°is inf.: üëâ https://t.co/SjxRDWAffB https://t.co/TL4Pnf67hQ",https://twitter.com/EmpregoSantiago/status/1477988076832145413,2022-01-03 12:59:51+00:00,es
15,1477987362168844294,"PSIC√ìLOGO/A T√âCNICO/A DE RR.HH.
Santiago de Compostela
Compa√±√≠a tecnol√≥xica selecciona Psic√≥logo/a T√©cnico/a para o seu Departamento de Recursos Humanos. Estabilidade laboral e boas condici√≥ns salariais.
M√°is inf.: üëâ https://t.co/ga5l6gkb3Q https://t.co/zt3Li3pdB9",https://twitter.com/EmpregoSantiago/status/1477987362168844294,2022-01-03 12:57:01+00:00,es
16,1477981667100962818,"ENCARGADO/A NEGOCIO HOSTALER√çA
Santiago de Compostela
B√∫scase encargado/a con experiencia para pr√≥xima apertura de co√±ecida cadea de restauraci√≥n no centro de Santiago.
M√°is inf.: üëâ https://t.co/zt3K5GyheW https://t.co/WfbSthpvXB",https://twitter.com/EmpregoSantiago/status/1477981667100962818,2022-01-03 12:34:23+00:00,es
17,1477979557504376836,Hola Ayuntamiento de @MADRID y querido alcalde @AlmeidaPP_ me llamo Manol√≠n y en breve cumplir√© un a√±o tapando un agujero en la calle Santiago de Compostela. Espero me traig√°is tarta. ¬°Y feliz a√±o nuevo! https://t.co/pZgIyxcle2,https://twitter.com/paulvonquelle/status/1477979557504376836,2022-01-03 12:26:00+00:00,es
18,1477976304632934400,2Ô∏è‚É£0Ô∏è‚É£2Ô∏è‚É£2Ô∏è‚É£ MEU Spain wishes you a happy new year with a lot of luck in all your dreams ü§û See you soon in Santiago de Compostela ü•∞,https://twitter.com/MeuSpain/status/1477976304632934400,2022-01-03 12:13:05+00:00,en
19,1477973922951933955,"Arribar a la pla√ßa del Obradoiro i escoltar un gaitero tocant els segadors no te preu! #fanmasxim. 
Para todo lo dem√°s...mastercard @ Santiago de Compostela, Spain https://t.co/uZbrkZLnoO",https://twitter.com/soyjugon10/status/1477973922951933955,2022-01-03 12:03:37+00:00,ca
20,1477973099672911874,"Vuestras 10 casas de #madera favoritas de 2021 #Arquitecturademadera _ üëâ  https://t.co/4dqHlG8a40 Desde Santiago de Compostela a un bosque noruego, pasando por la costa de Chile y llegando hasta Jap√≥n. #MaderayConstrucci√≥n https://t.co/GPKEn8wsn5",https://twitter.com/Maderayconstruc/status/1477973099672911874,2022-01-03 12:00:21+00:00,es
21,1477971976006295555,"Comienza otra experiencia. 

Tarragona-Madrid-Segovia-Toledo-Lisboa-Oporto-Santiago de Compostela-Bilbao y pa√≠s vasco- Toulousse- Paris- Andorra y de nuevo en Tarragona. 

Los 11 a√±os de ingl√©s tienen que estar en alguna parte, espero encontrarlos.",https://twitter.com/agustinffg/status/1477971976006295555,2022-01-03 11:55:53+00:00,es
22,1477966727870914562,"El brote de Covid-19 sigue creciento en el Obradoiro, que se enfrenta a un mes decisivo ‚Äã#Galicia #SantiagoDeCompostela #ACB #Obradoiro #Baloncesto #TodosXuntosOBRA #ADNObra #SomosObra @OBRADOIROCAB @Obrapedia @MironObra https://t.co/s9aOhDhEkY",https://twitter.com/galiciapress/status/1477966727870914562,2022-01-03 11:35:01+00:00,es
23,1477964287394074629,"Are u talking to me? en Santiago de Compostela, Spain https://t.co/kRiqad0odW",https://twitter.com/jonascandalija/status/1477964287394074629,2022-01-03 11:25:20+00:00,en
24,1477963333751881728,Xacobeo: Why 2022 is an extra special time to visit Spain‚Äôs Santiago de Compostela https://t.co/EMMtq1aDuq,https://twitter.com/aboutandalucia/status/1477963333751881728,2022-01-03 11:21:32+00:00,en
25,1477963104357072897,@Macarena_Olona aqu√≠ en Santiago de Compostela un seguidor y fan convencido de cumplea√±os‚Ä¶,https://twitter.com/dsuarezllanos/status/1477963104357072897,2022-01-03 11:20:37+00:00,es
26,1477961957382705155,"@OrgulloIndito @TirodeGraciah @BenderOfuscado HAB_HASCAL,se hizo cristiano y al poco fue ejecutado por quemar la catedral de Santiago de Compostela",https://twitter.com/suertpont1000/status/1477961957382705155,2022-01-03 11:16:04+00:00,es
27,1477960751914655745,"‚ôªÔ∏èEnerg√≠as recargadas
üíöOs deseamos un feliz y pr√≥spero a√±o nuevo en el que sigamos promoviendo el est√°ndar #Passivhaus y la alta #eficiencia #energ√©tica en la #edificaci√≥n
ü§©¬°2022 promete, ya tenemos ganas vernos en Santiago de Compostela en la 14CEPH!
https://t.co/5Rd4poEvgP",https://twitter.com/PlataformaPEP/status/1477960751914655745,2022-01-03 11:11:17+00:00,es
28,1477960476965355520,"Rec√©n chegados!!
Sacaremos axi√±a todos estes libros, que se cadra os reis est√°n interesados nalg√∫n üòâ
üìöüìöüìöüéÅüéÅüéÅüìöüìöüìö en Santiago De Compostela, Galicia, Espana https://t.co/cSoC802Epy",https://twitter.com/RereadSantiago1/status/1477960476965355520,2022-01-03 11:10:11+00:00,es
29,1477959261347262466,"Covid por concellos: Lugo (+106) y Ourense (+94) mantienen su subida, mientras Vigo (-96) y O Barbanza desescalan #Galicia #ACoru√±a #Vigo #SantiagoDeCompostela #Lugo #Ourense #Pontevedra #Ferrol #Sanidad #SERGAS #Coronavirus #COVID19 https://t.co/v30yEQDL1Q",https://twitter.com/galiciapress/status/1477959261347262466,2022-01-03 11:05:21+00:00,es
30,1477956269940129792,"üá¨üáß la low cost @easyJet incrementa sus vuelos entre Santiago de Compostela y Londres Gatwick el pr√≥ximo verano: https://t.co/XsRpi8Q6yi ‚úàÔ∏è

üëâ1.488 plazas extra al mes

#Galicia #EasyJet #turismo #SCQ https://t.co/mTKo00KJ79",https://twitter.com/infoSCQ/status/1477956269940129792,2022-01-03 10:53:28+00:00,es
31,1477955029814235137,Xacobeo: Why 2022 is an extra special time to visit #Spain‚Äôs Santiago de Compostela https://t.co/fQa1CPjPba   @olivepress,https://twitter.com/olivepress/status/1477955029814235137,2022-01-03 10:48:32+00:00,en
32,1477948421050880000,"@TeddyCleps I did Leon- Santiago de Compostela a few years back, I dont usually bike, but 70km a day is pretty easy to do. How are you planning on scheduling the trip? several stages?",https://twitter.com/edux_eiroa/status/1477948421050880000,2022-01-03 10:22:17+00:00,en
33,1477945927281352704,"Santiago de Compostela

La imagen del rey David
con el rabelillo al hombro
entonando con asombro
su melod√≠a a la vid.
Remembranzas de adalid
en la base del portal:
A quien fuera general
de toda la hueste hebrea
se remite a la tarea
del pastoruco zagal. https://t.co/CPvgAfrPBL",https://twitter.com/TrovadorDe/status/1477945927281352704,2022-01-03 10:12:22+00:00,es
34,1477944657560616963,Anuncio de la Universidad de Santiago de Compostela sobre extrav√≠o de t√≠tulo universitario. - https://t.co/yAz5MXs2TZ https://t.co/M4IeYJAcdQ,https://twitter.com/santiago_compos/status/1477944657560616963,2022-01-03 10:07:19+00:00,es
35,1477944135575379971,"@canete707 Eran tan, tan incre√≠blemente tolerantes que, por dos veces, hicieron incursiones hasta Santiago de Compostela para destruir la iglesia dedicada al Santo, la √∫ltima vez se llevaron las campanas hasta C√≥rdoba, portadas por presos, para fundirlas. Si, era un oasis de paz y amor.",https://twitter.com/ditovegamas/status/1477944135575379971,2022-01-03 10:05:15+00:00,es
36,1477943701490044929,"@LauraBromet Ik heb het gedaan, volg de GR5 en geniet van alles wat je mee gaat maken!! Sla als je er bent rechtsaf en loop effe door naar Santiago de Compostela",https://twitter.com/niek62/status/1477943701490044929,2022-01-03 10:03:31+00:00,nl
37,1477943591767056387,"üôãS√≠gueme!! Mira las OFERTA,  en @chollosoutlet encontrar√°s las mejores REBAJAS  #Palencia #Malaga #ACoruna #ChiclanadelaFrontera  #SantiagodeCompostela https://t.co/9JkaQ6Qxr0",https://twitter.com/chollosoutlet/status/1477943591767056387,2022-01-03 10:03:05+00:00,es
38,1477943263197900803,"Retomamos el V Encuentro Internacional Rotario ""Xacobeo 2021"", en Santiago de Compostela, con motivo del A√±o Santo, confirmando las fechas 23, 24, 25 y 26 de [‚Ä¶] La entrada V Encuentro Internacional Rotario &amp;q...  https://t.co/bbkr33tOm3",https://twitter.com/D2202_ROTARY/status/1477943263197900803,2022-01-03 10:01:47+00:00,es
39,1477940324525907970,"En #SantiagodeCompostela,

Est√°n buscando un #FullStack #Java #Developer, ¬°¬°sube tu CV!!

¬°S√≠guenos en¬†https://t.co/vwp1sRbKSD¬†y en¬†https://t.co/sVqKzBW6nk¬†y descubre todas las ofertas de empleo y novedades¬†IT!

#PortaldeEmpleo¬†#Te‚Ä¶https://t.co/ZOchY9TNT8 https://t.co/iGaYOUgCl5",https://twitter.com/ticjob/status/1477940324525907970,2022-01-03 09:50:06+00:00,es
40,1477940274647162880,"Santiago de Compostela
TITULADO/A SUPERIOR EN F√çSICA 
Neces√≠tase Titulado/a Superior en F√≠sica - Tratamento de datos meteorol√≥xicos en Santiago de Compostela.Carn√© de conducir Tipo: B Imprescindible; Coche Propio: Valorable.
M√°is info: https://t.co/lG2htLQR6q https://t.co/9wii3cGCFv",https://twitter.com/EmpregoSantiago/status/1477940274647162880,2022-01-03 09:49:54+00:00,es
41,1477939814766891014,üìçSantiago de Compostela.- 9 a√±os de c√°rcel por violar a una ni√±a de 14 a√±os en un descampado en 2018. Consigui√≥ escapar por un agujero de la alambrada y pedir ayuda en un bar. Seg√∫n los magistrados el testimonio de la v√≠ctima ha sido ‚Äúdesgarrador‚Äù,https://twitter.com/macarena_baena/status/1477939814766891014,2022-01-03 09:48:05+00:00,es
42,1477937878634315777,"Ola!ü•∞ 
dous compa√±eiros e mais eu buscamos unha 4 persoa para compartir piso en Santiago de Compostela, na r√∫a San Clemente, a 2 minutos da catedral.
Se algu√©n est√° interesado e quere m√°is informaci√≥n ou sabe dalgu√©n, que fale conmigo! (agrad√©cese difusi√≥n‚ù§Ô∏è)",https://twitter.com/jeanetedp_/status/1477937878634315777,2022-01-03 09:40:23+00:00,es
43,1477937409652412422,"Buongiorno. 

Credo che il cammino di Santiago de Compostela sia l'unica soluzione per smaltire le abbuffate di queste feste natalizie.",https://twitter.com/CicalaTonino/status/1477937409652412422,2022-01-03 09:38:31+00:00,it
44,1477936894054961152,"December/Diciembre

Farewelling the year from the roofs of Santiago de Compostela Cathedral. 

Despidiendo el a√±o desde los tejados de la Catedral de Santiago. https://t.co/jUBaoiGGgM",https://twitter.com/galiciaoriginl/status/1477936894054961152,2022-01-03 09:36:28+00:00,es
45,1477934274825396228,"@abc_es @Pontifex_es puede que vaya a Santiago de Compostela, pero seg√∫n ""Su Santidad"" no vendr√° a Espa√±a; lo cual demuestra lo crucial de su inteligencia üòú.",https://twitter.com/Moises63/status/1477934274825396228,2022-01-03 09:26:04+00:00,es
46,1477932806181466114,"CAMI√ëOS SONOROS.
Ciclo II: Rutas e Sinfon√≠as 
#bmsc #compostelacultura https://t.co/YFWKYmZuiH",https://twitter.com/BMSCompostela/status/1477932806181466114,2022-01-03 09:20:14+00:00,es
47,1477932316802568192,"Programa do concerto üìÑ:
üéµ FESTIVO DE REIS 
üìå Teatro Principal 
üóì  Xoves, 6 de xaneiro 
üïï  12 h
David Fiuza, director 
#linkinbio üëÜ #bmsc #compostelacultura https://t.co/WsWbLM21h7",https://twitter.com/BMSCompostela/status/1477932316802568192,2022-01-03 09:18:17+00:00,pt
48,1477931501346082816,"Vuestras 10 casas de madera favoritas de 2021 #Arquitecturademadera _ üëâ  https://t.co/ns2VIE0rXK Desde Santiago de Compostela a un bosque noruego, pasando por la costa de Chile y llegando hasta Jap√≥n. #MaderayConstrucci√≥n @Maderayconstruc https://t.co/jrJBqsmDYM",https://twitter.com/stepienybarno/status/1477931501346082816,2022-01-03 09:15:03+00:00,es
49,1477930601072181254,"El viaje NO ES A ESPA√ëA sino a Santiago de Compostela, que hay que aclararlo todo. Son palabras suyas, conste. https://t.co/nGpdBbDitW",https://twitter.com/carlosgtome/status/1477930601072181254,2022-01-03 09:11:28+00:00,es
50,1477930235727392770,"El Papa arranca un a√±o crucial, que podr√≠a incluir un viaje a Espa√±a https://t.co/WAPajWpO2w

Francisco se plantea una visita a Santiago de Compostela el pr√≥ximo mes de agosto",https://twitter.com/abc_es/status/1477930235727392770,2022-01-03 09:10:01+00:00,es
51,1477927754305785859,"Trainee Recruiter - Start up office - #SantiagoDeCompostela , Spain (https://t.co/ZASOeCl87w) Get Translation Jobs",https://twitter.com/GetTranslatJobs/status/1477927754305785859,2022-01-03 09:00:09+00:00,en
52,1477925546923286534,"Cuatro de mis favoritas de 2021, tambi√©n en anal√≥gico. 

Unizar-Juslibol-Alcal√° de Gurrea-Santiago de Compostela https://t.co/Yyejhrol7m",https://twitter.com/UrsulaE_/status/1477925546923286534,2022-01-03 08:51:23+00:00,es
53,1477924693894000642,"Ruta en coche de Santiago de Compostela a la playa de las Catedrales en #GALICIA ‚¨áÔ∏è ¬øNos vamos?üöó
https://t.co/gKavgZo4dk",https://twitter.com/lacosmopolilla/status/1477924693894000642,2022-01-03 08:48:00+00:00,es
54,1477923017837711361,"Serambi Kemuliaan atau disebut P√≥rtico da Gloria dari Katedral #SantiagoDeCompostela sukses bikin speechless! üò±

Serambi bergaya Romawi ini memiliki pahatan yang detail dan cantik ü•∞

 üëâ https://t.co/TaU4kbdGFt

#YouDeserveSpain #VisitSpain #SpainArt @Turgalicia https://t.co/JUDxEljczi",https://twitter.com/SpainSEA/status/1477923017837711361,2022-01-03 08:41:20+00:00,in
55,1477922841001705472,"üéÑüéÅ üõç A√≠nda tes compras de #Nadal por facer? 

üí° Lembra que podes atopar a quinta quenda do #MercadoDeNadal na: 

üìå R√∫a Carreira do Conde.
+
üìå @Area_Central.

üóì Ata o 5 de xaneiro.

+INFO üì≤üëâ https://t.co/TsmS6fPj3F

#mocidade #compostela #SantiagodeCompostela #Nadal2021 https://t.co/gCwPJ7NEJb",https://twitter.com/Mocidade_Compos/status/1477922841001705472,2022-01-03 08:40:38+00:00,pt
56,1477918487070846978,Busco profesora de ingl√©s nativa https://t.co/4aLRMnZEsr #busco #clases #profesor #ingl√©s #santiagodecompostela #acoru√±a,https://twitter.com/Tusclases_jobs/status/1477918487070846978,2022-01-03 08:23:20+00:00,es
57,1477914819068112896,"üì£ #Demoday de la III Edici√≥n de üöÄ #BFFood. Nueva fecha üóìÔ∏è 2 de febrero ‚åöÔ∏è 9.30 horas üìå@CidadedaCultura, Santiago de Compostela. M√°s info e inscripci√≥n‚¨áÔ∏è
https://t.co/9GNpeBjAJc",https://twitter.com/BFactoryFood/status/1477914819068112896,2022-01-03 08:08:45+00:00,es
58,1477912661404835841,"Vuestras 10 casas de #madera favoritas de 2021 #Arquitecturademadera _ üëâ  https://t.co/4dqHlG8a40 Desde Santiago de Compostela a un bosque noruego, pasando por la costa de Chile y llegando hasta Jap√≥n. #MaderayConstrucci√≥n https://t.co/CuseMOpprl",https://twitter.com/Maderayconstruc/status/1477912661404835841,2022-01-03 08:00:11+00:00,es
59,1477902333795500032,"The number of pilgrims who arrived in Santiago de Compostela in 2018 has reached 327,338. #CaminodeSantiago #numperegrinos",https://twitter.com/BPeregrinos/status/1477902333795500032,2022-01-03 07:19:09+00:00,en
60,1477901823105064960,Ofertas Trabajo VENDEDOR T√âCNICO EN CICLISMO Decathlon Santiago en Santiago de Compostela en Santiago de Compostela: Descripci√≥n de la oferta¬† En Decathlon Santiago estamos buscando apasionados del mundo de la bicicleta. ¬† ¬øTe apasiona la pr√°ctica del‚Ä¶ https://t.co/9kj5YjGKXF,https://twitter.com/123trabajo/status/1477901823105064960,2022-01-03 07:17:07+00:00,es
61,1477890480436387843,"@angelmartin_nc Buenos d√≠as! Disfrutar del lunes y √°nimo que vienen los Reyes!!!! En Santiago de Compostela hace un poco de fresquete, pero vamos, que se est√° genial, un pa√±uelito al cuello y a currar!",https://twitter.com/MOKIFULEIRA/status/1477890480436387843,2022-01-03 06:32:03+00:00,es
62,1477885335484788736,"Ofertas Trabajo Maquillador profesional en Santiago de Compostela en Santiago de Compostela: Ensayo de maquillaje previo a un evento, Asesoramiento sobre maquillaje, Uso de maquillaje profesional, Uso de herramientas profesionales, Aplicaci√≥n de maquillaje https://t.co/jNqPJKO3Pz",https://twitter.com/123trabajo/status/1477885335484788736,2022-01-03 06:11:36+00:00,es
63,1477884313123315713,"El tiempo en Santiago de Compostela: previsi√≥n meteorol√≥gica de hoy, lunes 3 de enero - El Confidencial https://t.co/8fj3U7AoHO",https://twitter.com/santiago_compos/status/1477884313123315713,2022-01-03 06:07:32+00:00,es
64,1477866174457290752,"Welcome to #JacobeanYear #2022.  Watch on the link the light &amp; sound show on one of the facades of the Cathedral of #SantiagoDeCompostela 
üëâ https://t.co/rP0xzU6FmS https://t.co/QPaibVtciJ",https://twitter.com/galiciaoriginl/status/1477866174457290752,2022-01-03 04:55:28+00:00,en
65,1477849661843120128,"@JoseRobAlvarezV No les creo ni el Padre Nuestro de rodillas en un recorrido por Santiago de Compostela..Son mentirosos, farsantes,genocidas con premeditaci√≥n, alevos√≠a.",https://twitter.com/MsJustice53/status/1477849661843120128,2022-01-03 03:49:51+00:00,es
66,1477835235291238403,El camino de Santiago de Compostela üëÄ üôèüèºüéÅ,https://twitter.com/MONYRODRIGUEZOF/status/1477835235291238403,2022-01-03 02:52:31+00:00,es
67,1477813128696156161,"That would certainly be #CasaMarcelo in Santiago de Compostela, Spain. https://t.co/Mgxm5zlSKk",https://twitter.com/AdrianDuhalt/status/1477813128696156161,2022-01-03 01:24:40+00:00,en
68,1477812352762486788,@aperteoalt Vai fazer o caminho de Santiago de Compostela? Rs,https://twitter.com/RejaneGaucha/status/1477812352762486788,2022-01-03 01:21:35+00:00,pt
69,1477808889651470339,"Se unen El Roc√≠o y Santiago de Compostela, importantes puntos de devoci√≥n en Espa√±a - Huelva Buenas Noticias https://t.co/1qdWaXfgvx",https://twitter.com/santiago_compos/status/1477808889651470339,2022-01-03 01:07:50+00:00,es
70,1477808670062915593,"üáßüá∑ Jo√£o Pessoa Filberts 2, üá™üá∏ Santiago De Compostela Fleet 4
 https://t.co/5NjQ1Rmgic",https://twitter.com/tweetballgame/status/1477808670062915593,2022-01-03 01:06:57+00:00,pt
71,1477785280140746758,"@ssahhel afeccionada a lectura, como √© evidente, durante a sua √©poca de estudante en santiago de compostela traballou na biblioteca da concepci√≥n arenal, al√≠ foi onde se namorou do seu marido, manuel, planta -2, √©l estudiaba ADE para continuar ca empresa de 
neum√°ticos do seu pai",https://twitter.com/lucaascea/status/1477785280140746758,2022-01-02 23:34:01+00:00,pt
72,1477774648355999750,mfs walking around Santiago de Compostela thinking they are the main character..... main character of what? Padre Casares?,https://twitter.com/tomasxlvarez/status/1477774648355999750,2022-01-02 22:51:46+00:00,en
73,1477769596316827650,"üá™üá∏ Santiago De Compostela Fleet (h)
1. @RBlanchard14 3B
2. @PerroFr CF
3. @PaulBoudreau83 C
4. @cmdiamond266 2B
5. @daniel_amoia RF
6. @mintyproof 1B
7. @DeLuccia_A LF
8. @qt_dork P
9. @_ms_flood SS",https://twitter.com/tweetballgame/status/1477769596316827650,2022-01-02 22:31:42+00:00,fr
74,1477769216870731777,üáßüá∑ Jo√£o Pessoa Filberts at üá™üá∏ Santiago De Compostela Fleet,https://twitter.com/tweetballgame/status/1477769216870731777,2022-01-02 22:30:11+00:00,pt
75,1477767300820475905,"La pr√≥xima vez que pase por aqu√≠, pisar√© la concha con unas trekking.
#SantiagodeCompostela #Galicia https://t.co/GSxS6lVXv2",https://twitter.com/jpedro_r_/status/1477767300820475905,2022-01-02 22:22:34+00:00,es
76,1477763504333590535,Realizei o sonho de toda veia cat√≥lica. Fiz o caminho de Santiago de Compostela. https://t.co/T6QOiVLyBn,https://twitter.com/fabi_year/status/1477763504333590535,2022-01-02 22:07:29+00:00,pt
77,1477762347976609794,Paseo de la fama versi√≥n #SantiagoDeCompostela https://t.co/UKHTHwRp7j,https://twitter.com/Chespir_es/status/1477762347976609794,2022-01-02 22:02:53+00:00,es
78,1477762143034298368,#1 #LoM√°sVistoDelD√≠a Desviado a Santiago de Compostela un vuelo procedente de Barcelona con destino a A Coru√±a #AeropuertoDeAlvedro #Vueling #AeropuertoDeLavacolla https://t.co/dW4GbqsVfx,https://twitter.com/quincemil15000/status/1477762143034298368,2022-01-02 22:02:05+00:00,es
79,1477759189300752388,"Caza.- 
La Real Federaci√≥n Espa√±ola de Caza(RFEC)ha hecho p√∫blico el nuevo calendario provisional de competiciones deportivas para 2022, que estar√° marcado por la celebraci√≥n del XXVII Campeonato de Europa de Compak Sportingdel 16al19 de junio,en Santiago de Compostela (Galicia). https://t.co/uRrnG1LBCS",https://twitter.com/arpdeportiva/status/1477759189300752388,2022-01-02 21:50:20+00:00,es
80,1477758772877701127,"O faro de Santiago de Compostela

‚ÄúLa linterna de la Berenguela fue dise√±ada para se√±alar durante la noche el lugar de la tumba de Santiago. Es decir, actuaba como un #faroinvertido: no hab√≠a que huir de √©l sino dirigirse hacia √©l‚Äù

#xacobeo2022 https://t.co/EzIV6C6zDC",https://twitter.com/RU_Rosaleda/status/1477758772877701127,2022-01-02 21:48:41+00:00,es
81,1477758336632250369,"@RojoPerseo @OviedoCapital @A_3E1 As√≠, a pelo,tal cual . La √∫ltima vez que vi en Santiago de Compostela la  escultura de Santiago Matamoros estaba su base rodeada de flores no vaya a ser que alguien se ofenda.",https://twitter.com/Lolyglez13/status/1477758336632250369,2022-01-02 21:46:57+00:00,es
82,1477755625295781895,@PatFBermejo ¬øLe recordamos cuando los moros llevaron las campanas qu√© rob√≥ Almanzor a sus espaldas desde C√≥rdoba a Santiago de Compostela?,https://twitter.com/CristoferPonsRo/status/1477755625295781895,2022-01-02 21:36:11+00:00,es
83,1477755487093501961,"Tres opciones que rondan mi mente:

1.- Irme a Santiago de Compostela
2.- Salamanca
3.- Zaragoza

Todo ello para estudiar un m√°ster en museolog√≠a y gesti√≥n cultural.

Hace 4 a√±os que acab√© la Uni, creo que estoy listo.

Weeell",https://twitter.com/Albcofi/status/1477755487093501961,2022-01-02 21:35:38+00:00,es
84,1477753713280401409,"25-. Santander ‚ùå‚ùå
26-. Oviedo ‚ùå‚ùå
27-. Santiago de Compostela ‚ùå‚ùå
28-. Palma de Mallorca ‚ùå‚ùå
29-. Santa Cruz de Tenerife‚ùå‚úÖ
30-. Las Palmas de Gran Canaria‚úÖ‚ùå

Jo ja paro que no aguanto 20 prov√≠ncies m√©s jo",https://twitter.com/acxldr/status/1477753713280401409,2022-01-02 21:28:35+00:00,es
85,1477749878583398411,"@okdiario A Ellos,lo que les gustar√≠a, es celebrar,la destrucci√≥n d√© Santiago de Compostela, por Almanzor.
Todo lo que sea en contra de Espa√±a, siempre habr√° un podemita, detr√°s.
No se c√≥mo Los pueden votar espa√±oles.",https://twitter.com/pedromartinezp9/status/1477749878583398411,2022-01-02 21:13:20+00:00,es
86,1477746893560205314,"[N√ìS DIARIO] A Polic√≠a desaloxou na madrugada da sexta feira en Santiago de Compostela un grupo de m√°is de 2.000 mozas e mozos, segundo os datos do Goberno municipal, que se reuniron no exterior dun local de lecer noctur...  https://t.co/Y8nQOKvmGy",https://twitter.com/galiza/status/1477746893560205314,2022-01-02 21:01:29+00:00,es
87,1477743929240039433,Barcelona to A Coru√±a flight diverted to Santiago de Compostela¬†mid-air https://t.co/TtrwxYiSxO,https://twitter.com/NewsJaun/status/1477743929240039433,2022-01-02 20:49:42+00:00,ca
88,1477741606551932929,"‚úÖ Reestablecido el suministro el√©ctrico y solucionada la incidencia que manten√≠a inoperativa la Estaci√≥n de Carga en Santiago de Compostela. ¬°Todo en orden! 

Agradecemos vuestra atenci√≥n y reiteramos nuestras disculpas por las molestias ocasionadas. https://t.co/xvZfNTcO6E",https://twitter.com/EasyChargerES/status/1477741606551932929,2022-01-02 20:40:28+00:00,es
89,1477741177277452289,"Por primera vez, la Puerta Santa de la Catedral de Santiago de Compostela permanecer√° abierta todo el a√±o. Para el el 2023 esperamos se confirme la visita del Papa. Santiago es Santiago, el Camino de Santiago ha recuperado  el paso de peregrinos venidos de todo el mundo, ni el",https://twitter.com/Dorisfanny/status/1477741177277452289,2022-01-02 20:38:46+00:00,es
90,1477741116757876746,"El C√≥dice Calixtinus üìñ del s. XII, que se hizo famoso por su robo üò≤ (2015) y posterior recuperaci√≥n, es un manuscrito que contiene el Liber Sancti Iacobi. El Codex surge en un momento en que se quiere exaltar Compostela. #caminodesantiago #santiagodecompostela #codice https://t.co/MJW4XneIDO",https://twitter.com/VentanaAzul1/status/1477741116757876746,2022-01-02 20:38:31+00:00,es
91,1477740020547129350,El Papa de Roma se va a Santiago de Compostela. No sabe nada ‚ù§Ô∏è,https://twitter.com/CalixtayMelibea/status/1477740020547129350,2022-01-02 20:34:10+00:00,es
92,1477735545291911170,"@CriticoRebelde Se quejan de vicio ... Si t√∫ quieres ir a Santiago de Compostela, puedes coger el AVE a Orense y luego un tren a Santiago ... Si quieres ir a Badajoz, puedes ir en AVE hasta Sevilla y luego coger otro tren a Badajoz ... Ya hay AVE a Extremadura, como a Galicia ...",https://twitter.com/arrimamadas/status/1477735545291911170,2022-01-02 20:16:23+00:00,es
93,1477735037948813319,"üî¥ pese a la reapertura del #aeropuerto de #Vigo, el vuelo de @Ryanair_ES FR7511 procedente de #Barcelona se desv√≠a al aeropuerto de Santiago de Compostela en estos momentos tal y como inform√≥ esta tarde la aerol√≠nea que har√≠a ‚úà 

#Galicia #SCQ #SafetyFirst #VGO",https://twitter.com/infoSCQ/status/1477735037948813319,2022-01-02 20:14:22+00:00,es
94,1477732293557075975,tas fslando cun pavo entras no seu perfil e fotos cos colegas xa te liaches con un m√≠nimo welcome to santiago de compostela,https://twitter.com/Mariabcdefg_/status/1477732293557075975,2022-01-02 20:03:28+00:00,es
95,1477731299532099584,@movistar_es Y como regalo de reyes una subidita de 2 ‚Ç¨ para el 7 de febrero y despu√©s sin cobertura m√≥vil en los interiores en pleno centro de Santiago de Compostela,https://twitter.com/jmaguiar70/status/1477731299532099584,2022-01-02 19:59:31+00:00,es
96,1477728223542841345,@BuurvrouwvanEva Hahaha lekkere wandeling. En ik dacht dat die man die als eerste date een wandeling naar Santiago de Compostela voorstelde al een flinke wandeling in gedachten had. ü§êü§£,https://twitter.com/moedermarloes01/status/1477728223542841345,2022-01-02 19:47:18+00:00,nl
97,1477727347742806018,"@KurtBravo @Pinleon @UribeX @RiusAlbert @PelayoEscandell Y la verdad del virreinato de Galicia hab√≠a o√≠do hablar pero nunca mir√© en que contexto se desarroll√≥. En la √©poca de Le√≥n y Castilla como reinos separados era parte de Le√≥n, y de hecho el Arzobispo de Santiago de Compostela ten√≠a derecho a la canciller√≠a leonesa.",https://twitter.com/LuisFGuisasola/status/1477727347742806018,2022-01-02 19:43:49+00:00,es
98,1477725475225100288,"Ayuntamiento de santiago de compostela: DIMISION MILAGROS CASTRO S√ÅNCHEZ, concejala de Pol√≠ticas Sociales, Salud y Medio Ambiente - ¬°Firma la petici√≥n! https://t.co/eOZwAl0DA5 v√≠a @change_es",https://twitter.com/lourdes56121094/status/1477725475225100288,2022-01-02 19:36:22+00:00,es
99,1477722234177347586,la ciudad de bloodborne es santiago de compostela un viernes de madrugada,https://twitter.com/sanjifeminista/status/1477722234177347586,2022-01-02 19:23:30+00:00,es
100,1477722092552560641,De paseo nocturno por Santiago de Compostela ü§ç,https://twitter.com/cesarferrio1/status/1477722092552560641,2022-01-02 19:22:56+00:00,es
101,1477717573454159872,"@cruzaderknights @Santanadeportes Ese es el escudo de santiago de compostela? Ah no, un equipo de f√∫tbol. Cu√°l es? No registro su existencia",https://twitter.com/Alanciorancio10/status/1477717573454159872,2022-01-02 19:04:58+00:00,es
102,1477714062721093640,"La ganadora de nuestro primer concurso de Navidad recibi√≥ su premio y nos ha mandado esta preciosa foto. 
Gracias Gabriela, queda genial en tu √°rbol ;)

#detallesdenavidad #joyasdelcamino #santiagodecompostela https://t.co/TOjLuyeVWb",https://twitter.com/joyasdelcamino/status/1477714062721093640,2022-01-02 18:51:01+00:00,es
103,1477703256143015949,@kira_auroraa Reminds me of Santiago de Compostela. Lovely!,https://twitter.com/SuzannaLundale/status/1477703256143015949,2022-01-02 18:08:05+00:00,en
104,1477702184640917508,Santiago de Compostela - Pontevedra - Vigo https://t.co/Oc4vEZifMt,https://twitter.com/rubbyreddream/status/1477702184640917508,2022-01-02 18:03:49+00:00,pt
105,1477700091158929409,"@DixieParabellum ten√©is la meca cat√≥lica de Espa√±a despu√©s de todo, Santiago de Compostela",https://twitter.com/kori_notsees/status/1477700091158929409,2022-01-02 17:55:30+00:00,es
106,1477698589824798720,‚ÄºÔ∏èO 2 de xaneiro de 1947 nac√≠a en Santiago de Compostela a xornalista Tereixa Navaza Gonz√°lez. https://t.co/tsbJ3ay04R,https://twitter.com/xcarlosrope/status/1477698589824798720,2022-01-02 17:49:32+00:00,ca
107,1477697446813782024,"Descubre lo mejor de Santiago de Compostela en 24 horas. La capital de #Galicia enamora ‚¨á
https://t.co/OmL7ECcum4",https://twitter.com/lacosmopolilla/status/1477697446813782024,2022-01-02 17:45:00+00:00,es
108,1477697224108920833,"@aena Hola, los vuelos de hoy desplazados al aeropuerto de santiago de compostela siguen saliendo de alli? No conseguimos contactar con la aerolinea. Ryanair vuelo RYR7512",https://twitter.com/RaquelR72392373/status/1477697224108920833,2022-01-02 17:44:07+00:00,es
109,1477688691816550406,esto pasa hasta en santiago de compostela https://t.co/m5ATUMq34I,https://twitter.com/_drvgs_/status/1477688691816550406,2022-01-02 17:10:12+00:00,es
110,1477687906575785990,@educasado Y la catedral de Santiago de Compostela.,https://twitter.com/juanmegias55/status/1477687906575785990,2022-01-02 17:07:05+00:00,es
111,1477681592105533441,"üòé Aprovecha al m√°ximo tu tiempo en la capital gallega con esta recopilaci√≥n de los 7 mejores sitios que ver en #Santiago de Compostela en un d√≠a. 

üó∫ Es un itinerario s√∫per sencillo de hacer, incluso si vienes -cansada- de peregrinar. #Galicia 

üëâüèª https://t.co/jyCkPbSoqN https://t.co/TZdBoyD6ge",https://twitter.com/VeroSinmapa/status/1477681592105533441,2022-01-02 16:42:00+00:00,es
112,1477676156979712001,"‚ö†Ô∏è Debido a una incidencia con la distribuidora el√©ctrica, nuestra Estaci√≥n de Carga de Santiago de Compostela se encuentra fuera de servicio. 

Esperamos anunciaros lo antes posible que todo est√° solucionado.

üôèüèº Pedimos disculpas por las molestias que esto os pueda ocasionar.",https://twitter.com/EasyChargerES/status/1477676156979712001,2022-01-02 16:20:24+00:00,es
113,1477672311172091909,"Ayuntamiento de santiago de compostela: DIMISION MILAGROS CASTRO S√ÅNCHEZ, concejala de Pol√≠ticas Sociales, Salud y Medio Ambiente - ¬°Firma la petici√≥n! https://t.co/HHUqGt5SyW via @change_es",https://twitter.com/AugustoSus/status/1477672311172091909,2022-01-02 16:05:07+00:00,es
114,1477672265894572035,"Y estas risas benem√©ritas salen ma√±ana mismo para Santiago de Compostela, Madrid, el Viso del Alcor, Alca√±iz, Zamora y B√©jar.

Solo espero que CORREOS pueda hac√©roslo llegar antes del 6 üôèüôè 
Disponible en https://t.co/AxOMvy0Gwe https://t.co/a2J07aVG6y",https://twitter.com/BAnecdotas/status/1477672265894572035,2022-01-02 16:04:56+00:00,es
115,1477670101008723972,"ü™î Santiago de Compostela üéº
Ahora mismo estamos a 14¬∞ sin lluviaüå•Ô∏è
Las terrazas con ambiente y buen caf√© ‚òï‚úçÔ∏è https://t.co/nVUfD3HLKH",https://twitter.com/lolyparrado/status/1477670101008723972,2022-01-02 15:56:20+00:00,es
116,1477667179562737665,"‚ö†Ô∏è @aena informa de la reapertura del #aeropuerto de #Vigo ‚ö†Ô∏è

üóìÔ∏èConsulten con su aerol√≠nea el estado del vuelo ya que algunas compa√±√≠as han programado sus vuelos para operarlos en el d√≠a de hoy desde/hacia Santiago de Compostela en lugar de Vigo‚úàÔ∏è

#Galicia #turismo #SCQ #VGO https://t.co/FuAKA6kpDu",https://twitter.com/infoSCQ/status/1477667179562737665,2022-01-02 15:44:43+00:00,es
117,1477660957446848514,"üî¥ @Ryanair_ES informa que debido al cierre del #aeropuerto de #Vigo, hoy domingo operar√° en el de Santiago de Compostela los vuelos:

üé´ FR7511 BCN-VGO
üé´ FR7512 VGO-BCN

#Galicia #SCQ #Ryanair #VGO https://t.co/vIVojNpTyf",https://twitter.com/infoSCQ/status/1477660957446848514,2022-01-02 15:20:00+00:00,es
118,1477660833262055434,"üöôü•ê Y √∫ltimo d√≠a de vuelta y cierre: Santiago/VLC 963k
D√≠a de mucho coche, muchas emociones, muchos churros con chocolate, mucha m√∫sica, muchas pintazas‚Ä¶ muchas ganas de repetir!!! üôÇ

#Valencia
#santiagodecompostela 
#a√±onuevo 
#caminodesantiago 
1/2 https://t.co/NTN7IXKey8",https://twitter.com/MarcosPlaSaez/status/1477660833262055434,2022-01-02 15:19:30+00:00,es
119,1477659697872138243,16:15 Regional 12967 Santiago de Compostela-Ourense suprimido debido a incidencia t√©cnica. Los viajeros ser√°n transbordados por carretera hasta destino.,https://twitter.com/Inforenfe/status/1477659697872138243,2022-01-02 15:15:00+00:00,es
120,1477658026614087684,Covid por concellos: A Coru√±a (+123) la que m√°s sube en un d√≠a de grandes descensos en Pontevedra (-44) y O Porri√±o (-23) #Galicia #ACoru√±a #Vigo #SantiagoDeCompostela #Lugo #Ourense #Pontevedra #Ferrol #Sanidad #SERGAS #Coronavirus #COVID19 https://t.co/waRhOzWnHD,https://twitter.com/galiciapress/status/1477658026614087684,2022-01-02 15:08:21+00:00,es
121,1477652228727095298,Camino Del Norte And Camino Primitivo: To Santiago De Compostela And Finisterre From Irun Or Oviedo (Cicerone Guides)  https://t.co/bX7xTlMuYh,https://twitter.com/sitesworld/status/1477652228727095298,2022-01-02 14:45:19+00:00,es
122,1477652056672542720,2/365 #santiagodecompostela #Galicia #spain #caminodesantiago 2014 https://t.co/g60QXZgUL4,https://twitter.com/FLuisBarbosa/status/1477652056672542720,2022-01-02 14:44:38+00:00,und
123,1477650566423658496,"#domingo en Santiago de Compostela, Spain https://t.co/WYYV3oSTjd",https://twitter.com/Jose_Ma_Garcia/status/1477650566423658496,2022-01-02 14:38:43+00:00,eu
124,1477650343764889600,"@rubenmarcc Las violaciones, saqueos, esclavitud... ¬ørecuerdas por ejemplo cuando Almanzor saque√≥ Santiago de Compostela y regres√≥ cargado de esclavos portando las campanas de la catedral?",https://twitter.com/Aidan_delvals/status/1477650343764889600,2022-01-02 14:37:50+00:00,es
125,1477646666928959490,"Parque Eugenio Granell #CompostelaVerde #Compostela #SantiagoDeCompostela

https://t.co/i47RfRlmXC https://t.co/BO7N9VWBxZ",https://twitter.com/CompostelaVerde/status/1477646666928959490,2022-01-02 14:23:13+00:00,pt
126,1477646589523120134,"@robersantacruz @vodoyoyo @Compos_fiel @2aBpro @ClasiHistorica @RCDeportivo @realracingclub @cfhercules @realmurciacfsad @CESabadell Aqu√≠ intentouse facer 2 equipos dende case 0 √≥ estilo UD Logro√±es, trocando o nome do Varea polo de UD Logro√±√©s.
Tanto Atl√©tico F√°tima (Ciudad de Santiago) e o Rosal√≠a de Castro logo fusionado co Colexiata do Sar dando √≥ Santiago de Compostela CF.",https://twitter.com/Al_Blanco/status/1477646589523120134,2022-01-02 14:22:54+00:00,es
127,1477645601131184131,@CNTravelerSpain Santiago de Compostela fue la primera ciudad espa√±ola con el premio Reina Sof√≠a a la accesibilidad... Ah√≠ queda.,https://twitter.com/30Compostela/status/1477645601131184131,2022-01-02 14:18:59+00:00,es
128,1477641400317534211,Desviado a Santiago de Compostela un vuelo de Barcelona con destino a A Coru√±a https://t.co/lFfPnRTuY6,https://twitter.com/20m/status/1477641400317534211,2022-01-02 14:02:17+00:00,es
129,1477640877577277449,"Existe ou existiu o costume de dicir ‚ÄúSantiago de Galiza‚Äù en vez de Santiago de Compostela?

O exemplo na imagem √© da edici√≥n de 1614 da ""Peregrina√ßam"" (ao Oriente) de Fernam Mendez Pinto. https://t.co/Oy58UzlUSm",https://twitter.com/KazamaGZ/status/1477640877577277449,2022-01-02 14:00:13+00:00,pt
130,1477634543435743233,Desviado a Santiago de Compostela un vuelo de Barcelona con destino a A Coru√±a https://t.co/W5iCwlgpnw,https://twitter.com/SucasaInmob/status/1477634543435743233,2022-01-02 13:35:02+00:00,es
131,1477633684379422721,"Ahora mientras espero para coger el avi√≥n a Madrid y de ah√≠ a Tokyo. Varias horas de vuelo. Os voy a sugerir los libros que me llevo yo como compa√±√≠a. Alguno tal vez lo termine antes de coger el avi√≥n sobre las nueve y media. 
-Hinoko. (Santiago de Compostela, Aeropuerto). https://t.co/KDfa1zMOor",https://twitter.com/Annavalaina/status/1477633684379422721,2022-01-02 13:31:38+00:00,es
132,1477633028448870401,estoy tan tranquila ocupandome de mi vida y de repente suena imagine dragons en la cola del super en la radio en un reel de estudio en un anuncio y a m√≠ me entra la venada de plantarme en santiago de compostela a pegar botes de verdad que no puedo mas conmigo misma,https://twitter.com/doncastersking/status/1477633028448870401,2022-01-02 13:29:01+00:00,es
133,1477632981191716865,"Conoc√≠ por FaceTime a una madrina de mi amiga. La Sr tiene como 60 y algo, vive en Santiago de Compostela y cuenta que usa Tinder jajaja y me dec√≠a que lo usara üòÇüòÇüòÇ la amo.",https://twitter.com/RaulReinaM/status/1477632981191716865,2022-01-02 13:28:50+00:00,es
134,1477629499227488257,"Desv√≠an por ""problemas t√©cnicos"" a Santiago de Compostela un vuelo de Barcelona con destino a A Coru√±a https://t.co/6L3nhveqIz",https://twitter.com/informativost5/status/1477629499227488257,2022-01-02 13:15:00+00:00,es
135,1477627597093810187,"Desv√≠an por ""problemas t√©cnicos"" a Santiago de Compostela un vuelo de Barcelona con destino a A Coru√±a https://t.co/xcRvZb0xLf",https://twitter.com/noticias_cuatro/status/1477627597093810187,2022-01-02 13:07:26+00:00,es
136,1477623068092739597,¬°Santiago de Compostela! en Catedral de Santiago https://t.co/uNW3MKez4p,https://twitter.com/jesusmalvarado/status/1477623068092739597,2022-01-02 12:49:26+00:00,es
137,1477622717176156161,Desviado a Santiago de Compostela un vuelo procedente de Barcelona con destino a A Coru√±a https://t.co/NpXSOkH5i3,https://twitter.com/quincemil15000/status/1477622717176156161,2022-01-02 12:48:03+00:00,es
138,1477622055562579973,¬°Hoy regrese a Santiago de Compostela y a la Facultad de Ciencias Econ√≥micas y Empresariales de donde me gradu√© como Master en Direcci√≥n y Gesti√≥n de Comercio Exterior hace un poco m√°s de 21 a√±os! https://t.co/QggkRIZLNe,https://twitter.com/jesusmalvarado/status/1477622055562579973,2022-01-02 12:45:25+00:00,es
139,1477621445744234498,"De Santiago de Compostela a la playa de las Catedrales üíö.
Ruta por algunos de los rincones m√°s bonitos de #GALICIA en coche üöó‚¨áÔ∏è
https://t.co/gKavgZo4dk",https://twitter.com/lacosmopolilla/status/1477621445744234498,2022-01-02 12:43:00+00:00,es
140,1477619285371588610,"@Renfe buenos d√≠as. Compre un billete a Santiago de Compostela en Alvia por 15‚Ç¨. Se lo quiero dar a mi hija, se puede cambiar el nombre o no son nominales?. Un saludo",https://twitter.com/Lola04077528/status/1477619285371588610,2022-01-02 12:34:25+00:00,es
141,1477618727634051074,@MrCluni Pazo cibran a unos 5 km de santiago de compostela (casona siglo XVIII reciclada a nuevo) hotel en santa maria pegado a cadiz (monasterio del siglo XVII convertido en hotel) hotel ercilia bilbao hotel jaizkibel hondarribia,https://twitter.com/Fabian_Et/status/1477618727634051074,2022-01-02 12:32:12+00:00,es
142,1477618435408506881,üì∞ 20minutos | Desviado a Santiago de Compostela un vuelo de Barcelona con destino a A Coru√±a  https://t.co/zJapOHFF7U,https://twitter.com/CorunaNoticias/status/1477618435408506881,2022-01-02 12:31:02+00:00,es
143,1477617654315761664,"I'm at A Ostrer√≠a in Santiago de Compostela, Galicia https://t.co/LoL7lCy5ji",https://twitter.com/jordilainz/status/1477617654315761664,2022-01-02 12:27:56+00:00,ca
144,1477603641058119683,@Inforenfe compre un billete de 15‚Ç¨ a Santiago de compostela y se lo quiero dar a mi hija. Es posible o son nominales?,https://twitter.com/Lola04077528/status/1477603641058119683,2022-01-02 11:32:15+00:00,es
145,1477603506437689350,"üî¥ debido al cierre del #aeropuerto de #Vigo, el vuelo @Iberia IBE0532 procedente de #Madrid se desv√≠a al aeropuerto de Santiago de Compostela en estos momentos ‚úà 

#Galicia #SCQ #SafetyFirst",https://twitter.com/infoSCQ/status/1477603506437689350,2022-01-02 11:31:43+00:00,es
146,1477603335305940995,Un billete de los promocionales de 15‚Ç¨ a Santiago de Compostela se puede cambiar de nombre o no son nominales?,https://twitter.com/Lola04077528/status/1477603335305940995,2022-01-02 11:31:02+00:00,es
147,1477600721197543424,STATUA SAN GIACOMO di Compostela IL PELLEGRINO LEGNO SCOLPITO - WOODCARVING Nuovo. New San Giacomo di Compostela Pellegrino; Santiago de Compostela Peregrino. https://t.co/Bl37hDj7L6 via @getboldify,https://twitter.com/GinoAiello2/status/1477600721197543424,2022-01-02 11:20:39+00:00,it
148,1477600663890767876,"@LupiCarrillo @JUANBALBOA79 @binter Hola, Lupita. Al tener que operar desde un aeropuerto alternativo es imprescindible que lleven su equipaje para facturarlo desde el aeropuerto de Santiago de Compostela. Un saludo.",https://twitter.com/BinterCanarias/status/1477600663890767876,2022-01-02 11:20:25+00:00,es
149,1477598324891045890,üì∞ EuropaPress | Desviado a Santiago de Compostela un vuelo de Barcelona con destino a A Coru√±a  https://t.co/Ot6Y9OZR91,https://twitter.com/CorunaNoticias/status/1477598324891045890,2022-01-02 11:11:07+00:00,es
150,1477597506024267778,Desviado a Santiago de Compostela un vuelo procedente de Barcelona con destino a A Coru√±a - El Espa√±ol https://t.co/2nIpJt6CH1,https://twitter.com/santiago_compos/status/1477597506024267778,2022-01-02 11:07:52+00:00,es
151,1477596673207685124,"Mis pr√≥ximas recomendaciones desde Santiago de Compostela y Tokyo.
-Hinoko.",https://twitter.com/Annavalaina/status/1477596673207685124,2022-01-02 11:04:33+00:00,es
152,1477595576971767809,"Trainee Recruiter - Start up office - #SantiagoDeCompostela , Spain (https://t.co/2ACHPIOSmQ) Get Translation Jobs",https://twitter.com/GetTranslatJobs/status/1477595576971767809,2022-01-02 11:00:12+00:00,en
153,1477594161230585860,"üî¥ debido al cierre del #aeropuerto de #Vigo, el vuelo @BinterCanarias NT5230 procedente de Gran Canaria se desv√≠a al aeropuerto de Santiago de Compostela en estos momentos ‚úà 

#Galicia #SCQ #SafetyFirst #VGO",https://twitter.com/infoSCQ/status/1477594161230585860,2022-01-02 10:54:35+00:00,es
154,1477592311018176512,"Dentro de un rato tengo que coger el busca Santiago de Compostela, pero el jefe me ha dicho que puedo seguir compartiendo fotos de libros desde Santiago o desde Tokyo si veo que ahora no puedo. As√≠ que adelant√≥ unos libros m√°s.
-Hinoko. https://t.co/rt8JNTOkQq",https://twitter.com/Annavalaina/status/1477592311018176512,2022-01-02 10:47:13+00:00,es
155,1477590353620484098,Desviado a Santiago de Compostela un voo de Barcelona con destino √° Coru√±a https://t.co/IO6rkEZMza,https://twitter.com/epgalego/status/1477590353620484098,2022-01-02 10:39:27+00:00,es
156,1477590352404099078,Desviado a Santiago de Compostela un vuelo de Barcelona con destino a A Coru√±a https://t.co/J5mn5WJDAr,https://twitter.com/EPGalicia/status/1477590352404099078,2022-01-02 10:39:26+00:00,es
157,1477590163815555072,Desviado a Santiago de Compostela un vuelo de Barcelona con destino a A Coru√±a https://t.co/XBhruDqQFf,https://twitter.com/galiciapress/status/1477590163815555072,2022-01-02 10:38:42+00:00,es
158,1477588767955460102,Ven a desconectar a Santiago de Compostela. Te trataremos con cari√±o y respeto.,https://twitter.com/FNercellas/status/1477588767955460102,2022-01-02 10:33:09+00:00,es
159,1477583538279129089,"Galicia parece suavizar sus cifras de contagios, pero los hospitalizados superan ya los 300, 62 m√°s en siete d√≠as #Galicia #ACoru√±a #SantiagoDeCompostela #Lugo #Vigo #Ferrol #Pontevedra #Ourense #Sanidad #SERGAS #Coronavirus #COVID19 https://t.co/WlfrJiSme2",https://twitter.com/galiciapress/status/1477583538279129089,2022-01-02 10:12:22+00:00,es
160,1477577426519560194,Desviado a Santiago de Compostela un vuelo procedente de Barcelona con destino a A Coru√±a https://t.co/tv9AlfQT9m,https://twitter.com/quincemil15000/status/1477577426519560194,2022-01-02 09:48:05+00:00,es
161,1477577424321712129,Desviado a Santiago de Compostela un vuelo procedente de Barcelona con destino a A Coru√±a https://t.co/gUTfTMpjNZ,https://twitter.com/quincemilSCQ/status/1477577424321712129,2022-01-02 09:48:04+00:00,es
162,1477571706000662529,"@baraninio ZaczƒÖ≈Çem w Pampelunie, idƒô do Santiago de Compostela. W sumie niewiele ponad 700km.",https://twitter.com/Oli_choto/status/1477571706000662529,2022-01-02 09:25:21+00:00,pl
163,1477569759726219267,"Ayer d√≠a 1/1/2022 llamo para intentar obtener una respuesta y me ofrecen un cambio de aeropuerto, con salida hoy 2/1/2022 desde Santiago de Compostela y manteniendo mi conexi√≥n en Madrid.  Hasta ah√≠ todo muy bien...",https://twitter.com/Roaltron/status/1477569759726219267,2022-01-02 09:17:37+00:00,es
164,1477568020390236168,"Efem√©rides carlistas del 2 de enero #ReinodeGalicia:

1887. Aparece en Santiago de Compostela el primer n√∫mero de EL PENSAMIENTO GALLEGO. https://t.co/bSUP3BoLWR",https://twitter.com/carlismogalicia/status/1477568020390236168,2022-01-02 09:10:42+00:00,es
165,1477565910038847494,"üî¥@AirEuropa informa que debido al cierre del #aeropuerto de #Vigo, hoy domingo operar√° en Santiago de Compostela los vuelos:

üé´UX7315 VGO-MAD
üé´UX7319 VGO-MAD

‚ÑπÔ∏è consulte con la aerol√≠nea el traslado entre terminales con el servicio habilitado

#Galicia #SCQ #AirEuropa https://t.co/hTtTXtAgXf",https://twitter.com/infoSCQ/status/1477565910038847494,2022-01-02 09:02:19+00:00,es
166,1477565034373029889,"#Efem√©rides #carlistas 02 enero.
1838, 1839, 1860, 1869, 1879, 1891, 1916, 1955, 1960... https://t.co/qclKgCYK7b
1873. Nicol√°s Ollo entra en #Estella al frente de doscientos leales.
1887. Aparece en #SantiagodeCompostela el primer n√∫mero de EL PENSAMIENTO GALLEGO. https://t.co/7upUXPLh1T",https://twitter.com/Agencia_FARO/status/1477565034373029889,2022-01-02 08:58:50+00:00,es
167,1477551357582364675,Julio. Santiago de Compostela. Congreso Internacional de FUTSAL https://t.co/TaI0Hgzj5v,https://twitter.com/JUANJOSECORDE19/status/1477551357582364675,2022-01-02 08:04:29+00:00,es
168,1477550069708644355,"üî¥ desviado al #aeropuerto de Santiago de Compostela vuelo de la aerol√≠nea @vueling VY1290 entre #Barcelona y A Coru√±a 

#Galicia #turismo #SCQ #SafetyFirst #Vueling",https://twitter.com/infoSCQ/status/1477550069708644355,2022-01-02 07:59:22+00:00,es
169,1477546586918031360,"@xmrey Yo ir√≠a a ver tambi√©n la iluminaci√≥n de Santo Domingo de Bonaval, tambi√©n en azules, preciosa.
Propongo a @PazodeRaxoi en las pr√≥ximas navidades hacer este tipo de iluminaciones en edificios destacados o singulares de nuestra ciudad : #SantiagodeCompostela 
No doy foto id a verla",https://twitter.com/MontseSAgustino/status/1477546586918031360,2022-01-02 07:45:32+00:00,es
170,1477536308037918722,"""Los participantes de este grupo se reclutaron en 94 centros de investigaci√≥n situados en EE. UU., Espa√±a, Finlandia y Polonia. Los centros espa√±oles han sido: Hospital Cl√≠nico Universitario (Santiago de Compostela, Coru√±a), EAP Centelles (Barcelona),...""",https://twitter.com/MasMaderaaa/status/1477536308037918722,2022-01-02 07:04:41+00:00,es
171,1477536306578272257,@Heidiaca Me gusta m√°s la comida Espa√±ola... estaba viendo un programa en el canal gourmet... y record√© unos Bogavantes que me ech√©  en Santiago de Compostela!!,https://twitter.com/agrotechniccal/status/1477536306578272257,2022-01-02 07:04:41+00:00,es
172,1477522270239215620,"O la destrucci√≥n de Santiago de Compostela, por Almanzor. https://t.co/RgoXutM15u",https://twitter.com/pedromartinezp9/status/1477522270239215620,2022-01-02 06:08:54+00:00,es
173,1477505154102566912,Making Scott Pilgrim 2: The Journey to Santiago de Compostela,https://twitter.com/yokaihainen/status/1477505154102566912,2022-01-02 05:00:54+00:00,en
174,1477487018875801602,Tejados catedral de Santiago de Compostela https://t.co/8hBOkLGmNV,https://twitter.com/consej_viajero/status/1477487018875801602,2022-01-02 03:48:50+00:00,pt
175,1477479460257828867,The pilgrim office of Santiago de Compostela is re-opened from July-1st. #covid-2019 #CaminodeSantiago,https://twitter.com/BPeregrinos/status/1477479460257828867,2022-01-02 03:18:48+00:00,en
176,1477475778568888321,@mss25122004 Santiago de Compostela al lado de el Rabat. https://t.co/ADVkD0rePl,https://twitter.com/MigueTRG/status/1477475778568888321,2022-01-02 03:04:10+00:00,es
177,1477434027418300416,#NoTePierdas Santiago de Compostela y como engordar en un fin de semana https://t.co/u1gXSlUh4h,https://twitter.com/viajesconhumor/status/1477434027418300416,2022-01-02 00:18:16+00:00,es
178,1477426690561294340,Buenas noches desde Santiago de Compostela https://t.co/ihv2OeanqW,https://twitter.com/car81548938/status/1477426690561294340,2022-01-01 23:49:06+00:00,es
179,1477425662503923715,"‚úà El aeropuerto de Vigo, cerrado por un bache en la pista, podr√≠a reabrir el pr√≥ximo lunes

Algunas compa√±√≠as han optado por desviar sus vuelos al aeropuerto de Santiago de Compostela ante el socav√≥n de la pista
 https://t.co/TXFhr5D1f8",https://twitter.com/eldebate_com/status/1477425662503923715,2022-01-01 23:45:01+00:00,es
180,1477419338864996353,"(2) Santiago de Compostela es Patrimonio de la Humanidad por muchas razones. Entre sus monumentos destaca la catedral. Es justamente en este edificio en el que tenemos que centrarnos para conocer al protagonista de la leyenda, un sacerdote de la catedral.",https://twitter.com/curiosovergara/status/1477419338864996353,2022-01-01 23:19:54+00:00,es
181,1477407383005511680,"""In respect to urban planning, a Special Plan for the Protection of the Historic City includes all the monumental surroundings of the Cathedral, which also overlaps with the surroundings of the Route of Santiago de Compostela"".
https://t.co/28lmjlwtfi",https://twitter.com/MelissaJarquinM/status/1477407383005511680,2022-01-01 22:32:23+00:00,en
182,1477405697478438916,"Ma√±ana 2 de Enero, en Santiago de Compostela, Porta Faxeira, a las 12:00 horas. #RescateVivotecnia https://t.co/3vB5fffl7V",https://twitter.com/RosyEspinel/status/1477405697478438916,2022-01-01 22:25:41+00:00,es
183,1477405209152434176,"@kontoproforma @PanRafalSlucha @hockeygoaliepl Czy w Niemczech z≈Çamano prawa fizyki, ≈ºe pozawala siƒô je≈∫dziƒá na autostradach bez ogranicze≈Ñ? Czy z≈Çamano prawa fizyki, ≈ºe pociƒÖgi mogƒÖ je≈∫dziƒá 300 km/h? Czy zmniejszono im prƒôdko≈õƒá szlakowƒÖ po g≈Ço≈õnych wypadkach pod Celle i Santiago de Compostela?",https://twitter.com/ravcobssen/status/1477405209152434176,2022-01-01 22:23:45+00:00,pl
184,1477395292869828619,"@XerezCD_OFICIAL Katxorro( que zurda ten√≠a y que poco levantaba el balon en los cornersd), el chino Z√°rate (golazo ol√≠mpico en Santiago de Compostela) y el ""cuky"" Redondo.",https://twitter.com/sin_xerez/status/1477395292869828619,2022-01-01 21:44:21+00:00,es
185,1477391824369205249,"Ayuntamiento de santiago de compostela: DIMISION MILAGROS CASTRO S√ÅNCHEZ, concejala de Pol√≠ticas Sociales, Salud y Medio Ambiente - ¬°Firma la petici√≥n! https://t.co/rgdeCCAoXS v√≠a @change_es
@santiagodecom @lavozdegalicia @Xunta @ELPAISGalicia",https://twitter.com/DesventurasCleo/status/1477391824369205249,2022-01-01 21:30:34+00:00,es
186,1477391472685195266,@TonoSVJ Quedarme embarazada este a√±o con una pareja y comprar una casa en Santiago de Compostela.,https://twitter.com/KrystinaLova/status/1477391472685195266,2022-01-01 21:29:10+00:00,es
187,1477387666417192961,"Ayuntamiento de santiago de compostela: DIMISION MILAGROS CASTRO S√ÅNCHEZ, concejala de Pol√≠ticas Sociales, Salud y Medio Ambiente - ¬°Firma la petici√≥n! https://t.co/5uzfnwGgwY v√≠a @change_es",https://twitter.com/SandriiCanto/status/1477387666417192961,2022-01-01 21:14:02+00:00,es
188,1477385124413116418,"01.01 en Santiago de Compostela, Spain https://t.co/1d6R9Ha8sJ",https://twitter.com/merydoce/status/1477385124413116418,2022-01-01 21:03:56+00:00,eu
189,1477381102461407234,"@GZHai1Seculo Que bonita foto, es bonito pensar como eran aquellos tiempos, desde la perspectiva de hoy.Grandes recuerdos de Santiago de Compostela, nuestra querida Galicia...ü§©‚ú®üëèüì∑‚úçÔ∏è",https://twitter.com/BufeteSdg_Vigo/status/1477381102461407234,2022-01-01 20:47:57+00:00,es
190,1477379719767146497,"Ayuntamiento de santiago de compostela: DIMISION MILAGROS CASTRO S√ÅNCHEZ, concejala de Pol√≠ticas Sociales, Salud y Medio Ambiente - ¬°Firma la petici√≥n! https://t.co/yZIarvOPO9 a trav√©s de @change_es",https://twitter.com/Mar_Mar_Maria/status/1477379719767146497,2022-01-01 20:42:28+00:00,es
191,1477378947683913728,"El primer peregrino del a√±o en llegar a Santiago de Compostela se llama Bienvenido. Ya me lo imagino al llegar a la oficina donde sellan la Compostela: 
-¬°Bienvenido!
-¬øQu√©?
-  No, nada, que bienvenido a Compostela.
-Ah, s√≠. Gracias.
üòÅ",https://twitter.com/pedrosanmiguel_/status/1477378947683913728,2022-01-01 20:39:24+00:00,es
192,1477378573812092930,"Ayuntamiento de santiago de compostela: DIMISION MILAGROS CASTRO S√ÅNCHEZ, concejala de Pol√≠ticas Sociales, Salud y Medio Ambiente - ¬°Firma la petici√≥n! https://t.co/lNUZQDKvUr v√≠a @change_es",https://twitter.com/lourdes56121094/status/1477378573812092930,2022-01-01 20:37:55+00:00,es
193,1477376658478936069,"Ayuntamiento de santiago de compostela @PazodeRaxoi #Galicia: DIMISION MILAGROS CASTRO S√ÅNCHEZ @Milacastross, concejala de Pol√≠ticas Sociales, Salud y Medio Ambiente - ¬°Firma la petici√≥n! https://t.co/cntmxDbjZ4 v√≠a @change_es",https://twitter.com/nataliafrutos_/status/1477376658478936069,2022-01-01 20:30:18+00:00,es
194,1477376583128150016,"Santiago de Compostela.
Circa 1940 https://t.co/HxWhg531yY",https://twitter.com/GZHai1Seculo/status/1477376583128150016,2022-01-01 20:30:00+00:00,pt
195,1477373620364140549,"Erasmus related: [ES] [EN] [PT]
Buscando oficialmente estudiantes que van o estean en Santiago de Compostela (Febrero en adelante)

Looking for students in Santiago de Compostela (February and beyond)

Malta que v√° de Erasmus p Santiago de Compostela pfv bora ser amigues",https://twitter.com/lontranumero8/status/1477373620364140549,2022-01-01 20:18:14+00:00,pt
196,1477370577417555973,"Lendakaris Muertos, cr√≥nica de concierto en Santiago de Compostela - Diciembre 2021 | La Ganzua https://t.co/igRshtMEhW a trav√©s de @laganzuaweb",https://twitter.com/laganzuaweb/status/1477370577417555973,2022-01-01 20:06:08+00:00,es
197,1477369180613660675,@alonso_frutos Te confirmo que en el de Santiago de Compostela es as√≠.,https://twitter.com/X_traT_rrestre/status/1477369180613660675,2022-01-01 20:00:35+00:00,es
198,1477369116432420868,"Es muy posible que en agosto Francisco viaje a Santiago de Compostela, Espa√±a, para marcar los 40 a√±os del mensaje que desde all√≠ Juan Pablo II envi√≥ a Europa.
https://t.co/5n6chu8zxG",https://twitter.com/romereportsesp/status/1477369116432420868,2022-01-01 20:00:20+00:00,es
199,1477369039009763330,"El 2022 nos da la oportunidad de disfrutar de #SantiagodeCompostela en el #A√±oSanto. Con una trayectoria de 9 siglos, el #Xacobeo22 es el s√©ptimo que se celebra üíõ

üëâTe contamos todos los detalles de esta tradici√≥n milenaria

@camino_xacobeo 

https://t.co/Eovv10vbz5",https://twitter.com/caminodelaplata/status/1477369039009763330,2022-01-01 20:00:01+00:00,es
200,1477367774347505669,"ü§ó Disfruta y aprovecha tu tiempo en la capital gallega con esta recopilaci√≥n de los 7 mejores sitios que ver en #Santiago de Compostela en 1 d√≠a. 

üó∫ Es un itinerario s√∫per sencillo de hacer, incluso si vienes de peregrinar. #Galicia 

üëâüèª https://t.co/jyCkPbANzf https://t.co/7IWBWcraLa",https://twitter.com/VeroSinmapa/status/1477367774347505669,2022-01-01 19:55:00+00:00,es
201,1477361482987974662,"üî¥ debido al cierre del #aeropuerto de #Vigo, el vuelo 
@Iberia IBE0538 procedente de #Madrid se desv√≠a al aeropuerto de Santiago de Compostela en estos momentos ‚úà 

#Galicia #SCQ #SafetyFirst",https://twitter.com/infoSCQ/status/1477361482987974662,2022-01-01 19:30:00+00:00,es
202,1477354607559024645,@LauraBromet Gaaf! Zo ben ik uiteindelijk vanuit huis in Santiago de Compostela aangekomen.,https://twitter.com/projectlonica/status/1477354607559024645,2022-01-01 19:02:41+00:00,nl
203,1477353935392313349,"#Burgos. La puerta del Sarmental de la Catedral de #SantaMar√≠a fue construida entre 1230 y 1240 y es una versi√≥n #g√≥tica del #P√≥rticodelaGloria de #SantiagodeCompostela. El #roset√≥n del transcepto sur se instal√≥ en 1280
Fotos: @Bea_Sanz83 https://t.co/HScoXaTfvi",https://twitter.com/PatrimonBurgos/status/1477353935392313349,2022-01-01 19:00:00+00:00,es
204,1477353180048547842,"@iberia Los que viajan ma√±ana con destino Vigo y los mand√°is a Santiago de Compostela, me imagino que pondr√©is trenes o autobuses para que lleguen a Vigo no??",https://twitter.com/Urues/status/1477353180048547842,2022-01-01 18:57:00+00:00,es
205,1477345478916329479,"@martinbruinsma Ja! Nooit gezien deze kapel, pleisterplaats/bibliotheek/museumpje op weg naar Santiago de Compostela. Inclusief kachel!",https://twitter.com/MickPersson/status/1477345478916329479,2022-01-01 18:26:24+00:00,nl
206,1477339514888671237,"J√° comecei o ano tra√ßando planos meio malucos, tipo fazer o caminho de Santiago de Compostela, sendo que mal chego na esquina de casa a p√©.",https://twitter.com/graziribeiro/status/1477339514888671237,2022-01-01 18:02:42+00:00,pt
207,1477337638537506820,"üí•El #A√±o2022 empieza potente en cuanto a temperaturas con valores de #r√©cord absoluto para un mes de #Enero en #Bilbao AP, #SanSebastian AP/ #Igueldo, #Granada BA, #Pontevedra,#Cuenca, #ACoru√±a/AP,Santiago de Compostela, #Ourense, #Lugo-Rozas, #Salamanca /AP, #Segovia, #Ja√©n..üëá https://t.co/LVHkCVlnSp",https://twitter.com/InfoMeteoTuit/status/1477337638537506820,2022-01-01 17:55:15+00:00,es
208,1477333941669539844,"RT @SelviPanter: DELCO, ABUELILLO de 8a√±os EN ADOPCI√ìN. üìçüá™üá∏ Santiago de Compostela Es duro vivir en un chenil..y m√°s si es un abuelillo.. Post original üëá https://t.co/QJGVwsmH4x CONTACTOüìûüìßüëá https://t.co/flU6hguq4F

‚Äî Sos Abuelos (@SosAbuelos1) Jan ‚Ä¶ https://t.co/J8xVK02qal",https://twitter.com/adoptando__/status/1477333941669539844,2022-01-01 17:40:33+00:00,es
209,1477331023981694979,"Llevamos 18 h de 2022 y ya estuve en Ferrol( 11h), santiago de compostela (3h) y Ourense (1h 30)",https://twitter.com/Ivanpilata/status/1477331023981694979,2022-01-01 17:28:58+00:00,es
210,1477320340443443207,Su cuerpo descansa protegido en santiago de compostela aunque realmente se diga que es el De Santiago ap√≥stol .  El camino De Santiago desde entonces transforma la vida de medio mundo. Su poder cambia y dota de fe al que lo recorre con el coraz√≥n abierto para purgar sus pecados,https://twitter.com/thommyspain/status/1477320340443443207,2022-01-01 16:46:31+00:00,es
211,1477316576403759105,"üî¥ @vueling informa que debido al cierre del #aeropuerto de #Vigo, hoy s√°bado operar√° en el de Santiago de Compostela los vuelos:

üé´VY1704 BCN-VGO
üé´VY1705 VGO-BCN

‚ÑπÔ∏è consulte con la aerol√≠nea el traslado entre terminales con el servicio habilitado  

#Galicia #Vueling #SCQ https://t.co/a7OSbyaNfF",https://twitter.com/infoSCQ/status/1477316576403759105,2022-01-01 16:31:33+00:00,es
212,1477311837494337538,"@AngelicaLuciaRD Feliz a√±o
Dios le bendiga 365 d√≠as de amor, salud, familia, viajes y muchos libros , comidas ... este a√±o la veo en el camino a Santiago de Compostela y cantando Luc√≠a de Serrat. Tqmm",https://twitter.com/metamorfosis38/status/1477311837494337538,2022-01-01 16:12:43+00:00,es
213,1477297310245740548,16:15 Regional 12967 Santiago de Compostela-Ourense suprimido debido a incidencia t√©cnica. Los viajeros ser√°n transbordados por carretera hasta destino.,https://twitter.com/Inforenfe/status/1477297310245740548,2022-01-01 15:15:00+00:00,es
214,1477295707208003590,"A partir d‚Äôaqu√≠ la rel√≠quia viatj√† d‚Äôun lloc a un altre. Durant l‚Äôedat mitjana eren nombrosos els monestirs i les esgl√©sies que reivindicaven tenir el Sant Prepuci, entre elles, la catedral de Santiago de Compostela (Gal√≠cia). https://t.co/c8n3ntBsbN",https://twitter.com/BatecsClassics/status/1477295707208003590,2022-01-01 15:08:38+00:00,ca
215,1477293589633937408,Dad bought this in Santiago de Compostela a couple years ago. It‚Äôs quite good. https://t.co/NidqYvbuFZ,https://twitter.com/anotherdork/status/1477293589633937408,2022-01-01 15:00:13+00:00,en
216,1477287247598825477,In 2021 werd het oorspronkelijke Heilig jaar gevierd in Santiago de Compostela maar vanwege de corona-pandemie is dat voor het eerst verspreid over twee jaar en dus is 2022 het tweede ‚ÄòA√±o Xacobeo‚Äô. https://t.co/DRomnUpub4,https://twitter.com/Spanjevandaag/status/1477287247598825477,2022-01-01 14:35:01+00:00,nl
217,1477285894067531776,"Que ser√° noticia en 2022‚Ä¶
‚û°Ô∏èJubileo platino de Isabel II‚Ä¶ 70 a√±os en el trono
‚û°Ô∏èBrexit y su implementaci√≥n
‚û°Ô∏èMacrojuicio por atentados en Batacl√°n- Par√≠s
‚û°Ô∏èElecciones en Francia, Italia, Colombia
‚û°Ô∏èMundial Qatar 2022
‚û°Ô∏èViaje del Papa a Santiago de Compostela
‚û°Ô∏èUcrania
‚û°Ô∏èTaiw√°n",https://twitter.com/CesarMorenoH/status/1477285894067531776,2022-01-01 14:29:38+00:00,es
218,1477279811445927937,"@sv2015_VIP @LoboZapata87 @Galvis1988 aqui omar montes, de la galicia profunda haciendo desde el centro de santiago de compostela mismo, campa√±a para que las Tanxugueiras ganen el BenidormFest. C√≥mo no lo pude ver antes!ü§¶üèª",https://twitter.com/jesusfergo/status/1477279811445927937,2022-01-01 14:05:28+00:00,es
219,1477261584292585472,"üçáüç∑üï∂ en Santiago de Compostela, Spain https://t.co/1F7yfzBI8w",https://twitter.com/dani_martin10/status/1477261584292585472,2022-01-01 12:53:02+00:00,eu
220,1477258701555716096,"Que el 2022 sean de muchos viajes! 
Destino: Santiago de Compostela üá™üá∏ 

Feliz a√±o! üéÜ https://t.co/ifIxh1jaGM",https://twitter.com/gpamela_g/status/1477258701555716096,2022-01-01 12:41:35+00:00,es
221,1477249428427882496,"SANTIAGO DE COMPOSTELA
Carlos Maside (1897-1958) 
xa forma parte da paisaxe da s√∫a querida cidade na que viviu e pintou  a maior  parte da s√∫a vida. Gracias e parab√©ns ...!!! https://t.co/oiqu47vvnH",https://twitter.com/pcmaside/status/1477249428427882496,2022-01-01 12:04:44+00:00,pt
222,1477247827344564224,@alvaro_code Debes ir al aeropuerto de Vigo en el horario establecido para la facturaci√≥n. Ponte en contacto con el personal del aeropuerto para que le facilite transporte al aeropuerto de Santiago de Compostela. Te dejamos el link para ver el horario https://t.co/dbf7JhhiJC,https://twitter.com/vueling/status/1477247827344564224,2022-01-01 11:58:22+00:00,es
223,1477247648935600133,Feliz 2022!! Desde el Servicio de Cirug√≠a Tor√°cica de Santiago de Compostela os deseamos un nuevo a√±o lleno de salud y felicidad. https://t.co/NauBL8ITGL,https://twitter.com/CompostelaT/status/1477247648935600133,2022-01-01 11:57:40+00:00,es
224,1477245643051704321,"The organizing team of EuroEUS 2022 wish you a Happy New Year!! Waiting to welcoming you in person in Santiago de Compostela or virtually!!
https://t.co/ETFqL3wXMu",https://twitter.com/euro_eus/status/1477245643051704321,2022-01-01 11:49:41+00:00,en
225,1477244945362821120,"üî¥ debido al cierre del #aeropuerto de #Vigo, el vuelo @Ryanair_ES FR7511 procedente de #Barcelona se desv√≠a al aeropuerto de Santiago de Compostela en estos momentos ‚úà 

#Galicia #SCQ #SafetyFirst",https://twitter.com/infoSCQ/status/1477244945362821120,2022-01-01 11:46:55+00:00,es
226,1477244541623320576,Camino Del Norte And Camino Primitivo: To Santiago De Compostela And Finisterre From Irun Or Oviedo (Cicerone Guides). #book #World #ad https://t.co/0zJQMxM4Rt https://t.co/0zJQMxM4Rt,https://twitter.com/sitesworld/status/1477244541623320576,2022-01-01 11:45:19+00:00,es
227,1477244363621212163,"O gaiteiro actuou no acto videomusical #Cami√±aaGalicia ‚ÄúCami√±a a Galicia. Feliz #Xacobeo 2022‚Äù e presentou o espect√°culo de v√≠deo mapping na fachada da Porta Santa con efectos especiais 3D, cor e son #SantiagodeCompostela #Galicia 

https://t.co/MOgtJSQUr3",https://twitter.com/elcorreogallego/status/1477244363621212163,2022-01-01 11:44:36+00:00,pt
228,1477242448531181568,¬øTienes ganas de #GALICIA este invierno? üíö Apunta esta ruta en coche de Santiago de Compostela a la playa de las Catedrales ¬°inolvidable! https://t.co/gKavgZo4dk,https://twitter.com/lacosmopolilla/status/1477242448531181568,2022-01-01 11:37:00+00:00,es
229,1477241212528648195,"üî¥ debido al cierre del #aeropuerto de #Vigo, el vuelo 
@Iberia IBE0533 procedente de #Madrid se desv√≠a al aeropuerto de Santiago de Compostela en estos momentos ‚úà 

#Galicia #SCQ #SafetyFirst",https://twitter.com/infoSCQ/status/1477241212528648195,2022-01-01 11:32:05+00:00,es
230,1477239913896628226,... te contaba c√≥mo el 6 de agosto de 2010 ten√≠a previsto conocer por primera vez la ciudad de Santiago de Compostela. Mis planes no acabaron saliendo del todo como hab√≠a planeado y acab√© en el hospital de A Coru√±a luchando mi propia batalla vital. üëá,https://twitter.com/scritoraviajera/status/1477239913896628226,2022-01-01 11:26:55+00:00,es
231,1477238493441052672,@SrtaPickyGH Que os dure para siempre y nunca nunca olvideis que os queremos siempre desde Santiago de Compostela y todobel mundo,https://twitter.com/luisa_cedron/status/1477238493441052672,2022-01-01 11:21:17+00:00,es
232,1477238014946738179,"The Routes of Santiago de Compostela in France was designated as a World Heritage site in December 1998 by #UNESCO.  #CaminodeSantiago
https://t.co/onAnDaTbqG",https://twitter.com/BPeregrinos/status/1477238014946738179,2022-01-01 11:19:23+00:00,en
233,1477225771416662017,"üî¥ debido al cierre del #aeropuerto de #Vigo, el vuelo @BinterCanarias NT5250 procedente de Tenerife Norte se desv√≠a al aeropuerto de Santiago de Compostela en estos momentos ‚úà 

#Galicia #SCQ #SafetyFirst",https://twitter.com/infoSCQ/status/1477225771416662017,2022-01-01 10:30:44+00:00,es
234,1477218242666115074,"Would you like to walk the Camino in 2022 and take on 100km to raise vital funds for the work of IHF?

‚òëÔ∏è October 1st to 7th
‚òëÔ∏è Valen√ßa do Minho, Portugal - Santiago de Compostela, Spain
‚òëÔ∏è 5 Walking Days 105km. 7 days / 6 nights

Register interest üëâ https://t.co/Pr1b6CBQOM https://t.co/zRQ5TnyPwt",https://twitter.com/IrishHospice/status/1477218242666115074,2022-01-01 10:00:49+00:00,en
235,1477210683049746435,In 2021 werd het oorspronkelijke Heilig jaar gevierd in Santiago de Compostela maar vanwege de corona-pandemie is dat voor het eerst verspreid over twee jaar en dus is 2022 het tweede ‚ÄòA√±o Xacobeo‚Äô. https://t.co/FzlF2YSFDg,https://twitter.com/EmigrantSpanje/status/1477210683049746435,2022-01-01 09:30:46+00:00,nl
236,1477202692686716930,"The incense orgy that is the climactic scene at the Santiago de Compostela cathedral, is just delightful.",https://twitter.com/stvladstodallas/status/1477202692686716930,2022-01-01 08:59:01+00:00,en
237,1477177551810592769,The pilgrim office of Santiago de Compostela is re-opened from July-1st. #covid-2019 #CaminodeSantiago,https://twitter.com/BPeregrinos/status/1477177551810592769,2022-01-01 07:19:07+00:00,en
238,1477132755267903490,"Took a picture of a picture of me standing in front of the altar where a statue of St James sits in the Cathedral of Santiago de Compostela, Spain. We had Mass under the altar in the Crypt of St James the Apostle. I prayed there until the sacristan turned out the lights. https://t.co/mgHX2HDsv0",https://twitter.com/marymar49743095/status/1477132755267903490,2022-01-01 04:21:07+00:00,en
239,1477093260925411329,@alelore1210 En Santiago de Compostela son 12 uvas y comes 1 X c/ campanada.,https://twitter.com/GorilitaNueva/status/1477093260925411329,2022-01-01 01:44:11+00:00,es
240,1477092159723556865,"#santiagodecompostela 
#nochevieja 
#afavordelagentesencillayelequilibrioconlatierra 
2/2 https://t.co/DteSqX1ue5",https://twitter.com/MarcosPlaSaez/status/1477092159723556865,2022-01-01 01:39:48+00:00,und
241,1477088575208538116,"02:24 horas, 1 de xaneiro
Santiago de Compostela 
1Ô∏è‚É£7Ô∏è‚É£¬∫C",https://twitter.com/XabierVP/status/1477088575208538116,2022-01-01 01:25:33+00:00,en
242,1477080405719371776,"Acaba de publicar una foto en Santiago De Compostela, Galicia, Espana https://t.co/hNbPy4565f",https://twitter.com/KennedySportGym/status/1477080405719371776,2022-01-01 00:53:06+00:00,es
243,1477072756827115523,"@GabbieVargas Para m√≠, el mejor d√≠a del 2021 fue el 15 de octuubre que inici√© el Camino a Santiago de Compostela.
#Agradecida https://t.co/253LiQNWIE",https://twitter.com/mevfer/status/1477072756827115523,2022-01-01 00:22:42+00:00,es
244,1477071971825430537,"@PerkinCej @JoseMotatv Debemos pisar tierra santa, Montiel, hay que peregrinar, vamos a padrear a Santiago de Compostela, nueva ruta, el camino del Padre",https://twitter.com/WCDestolosaa/status/1477071971825430537,2022-01-01 00:19:35+00:00,es
